codigo,local,cd,distrito,lat,lon,fecha_geocerca
40,VARGAS MACHUCA,CD PUNTA NEGRA,SAN JUAN DE MIRAFLORES,-12.165833,-76.973991,2026-09-04
242,ATECA,CD REGION 1,VILLA MARIA DEL TRIUNFO,-12.21283,-76.90786,2026-08-31
244,LA CABAÑA,CD MASS SUR - ALM,SAN JUAN DE MIRAFLORES,-12.15486,-76.971371,2026-09-03
245,VISTA ALEGRE,CD REGION 1,SANTIAGO DE SURCO,-12.165540164997754,-76.9923090750422,2026-09-05
255,MIGUEL CANEVARO,CD MASS SUR - ALM,SAN JUAN DE MIRAFLORES,-12.174538358115125,-76.96697154767534,2026-09-05
256,CREDITO,CD MASS SUR - ALM,SAN JUAN DE MIRAFLORES,-12.170008695618465,-76.96815196198672,2026-09-05
257,MIGUEL IGLESIAS,CD REGION 1,VILLA EL SALVADOR,-12.192793,-76.955505,2026-08-31
266,PROCERES,CD REGION 1,SANTIAGO DE SURCO,-12.158977,-76.988587,2026-09-04
267,PACHACAMAC,CD REGION 1,LURIN,-12.260262754203437,-76.88412207462136,2026-09-05
275,24 DE JUNIO,CD REGION 1,VILLA MARIA DEL TRIUNFO,-12.205858,-76.941112,2026-09-05
284,LA CAPILLA,CD MASS SUR - ALM,SAN JUAN DE MIRAFLORES,-12.173897,-76.962646,2026-09-04
287,PROGRESOL,CD REGION 1,VILLA EL SALVADOR,-12.20697,-76.93351,2026-09-05
289,INCA ROCA,CD REGION 1,VILLA MARIA DEL TRIUNFO,-12.19532,-76.92685,2026-08-27
292,VILLA MARIA,CD REGION 1,VILLA MARIA DEL TRIUNFO,-12.163614517066804,-76.94660678931615,2026-09-05
293,LA ESTACION,CD REGION 1,VILLA MARIA DEL TRIUNFO,-12.168739,-76.95088,2026-09-04
294,PRIMERO DE MAYO,CD REGION 1,VILLA EL SALVADOR,-12.197809,-76.966381,2026-09-05
299,SAN BARTOLO,CD REGION 1,SAN BARTOLO,-12.39231,-76.77817,2026-09-05
300,LURIN,CD REGION 1,LURIN,-12.277529,-76.869139,2026-09-05
304,JESUS MORALES,CD MASS SUR - ALM,SAN JUAN DE MIRAFLORES,-12.16667,-76.974359,2026-09-04
310,BELISARIO SUAREZ,CD MASS SUR - ALM,SAN JUAN DE MIRAFLORES,-12.16326,-76.96357,2026-09-04
312,PRIMAVERA,CD MASS P. HERMOSA,VILLA MARIA DEL TRIUNFO,-12.141983,-76.949742,2026-09-04
319,ROOX,CD REGION 1,VILLA EL SALVADOR,-12.212336,-76.934595,2026-09-03
322,VIDRERIA,CD REGION 1,VILLA EL SALVADOR,-12.211162,-76.94429,2026-09-05
324,MASS SAN JUAN,CD REGION 1,VILLA EL SALVADOR,-12.203308,-76.949648,2026-09-03
328,OASIS,CD REGION 1,VILLA EL SALVADOR,-12.23753,-76.93786,2026-09-05
331,SEPARADORA 3,CD REGION 1,VILLA EL SALVADOR,-12.207221,-76.93389,2026-09-03
335,SAN JUAN 9,CD MASS SUR - ALM,SAN JUAN DE MIRAFLORES,-12.15808,-76.97333,2026-09-04
340,SALVADOR 18,CD REGION 1,VILLA EL SALVADOR,-12.231494,-76.922521,2026-09-04
343,PASTOR SEVILLA 1,CD REGION 1,VILLA EL SALVADOR,-12.221209,-76.944159,2026-08-27
353,LAVALLE 1,CD MASS SUR - ALM,SAN JUAN DE MIRAFLORES,-12.153299,-76.970681,2026-09-03
354,MARIATEGUI 2,CD REGION 1,VILLA EL SALVADOR,-12.221143,-76.931947,2026-08-27
370,26 DE NOVIEMBRE 19,CD REGION 1,VILLA MARIA DEL TRIUNFO,-12.167229,-76.919801,2026-09-03
376,VILLA SUR,CD REGION 1,VILLA EL SALVADOR,-12.213301,-76.933588,2026-09-03
381,OLLANTAY,CD MASS SUR - ALM,SAN JUAN DE MIRAFLORES,-12.137233,-76.963044,2026-09-04
405,TIPAC 1,CD REGION 1,LURIN,-12.248916,-76.897494,2026-09-04
414,PUNTA HERMOSA 21,CD REGION 1,PUNTA HERMOSA,-12.331105,-76.824986,2026-09-03
419,LURIN 40,CD REGION 1,LURIN,-12.295239313880012,-76.85230055767158,2026-09-05
428,PUNTA NEGRA 1,CD REGION 1,PUNTA NEGRA,-12.364971,-76.795118,2026-08-27
459,LA FLORESTA,CD REGION 1,SAN JUAN DE MIRAFLORES,-12.15933,-76.98489,2026-08-31
502,M.MARIATEGUI 8,CD MASS P. HERMOSA,VILLA MARIA DEL TRIUNFO,-12.154292,-76.95232,2026-08-27
594,M.MALA L7,CD PUNTA NEGRA,MALA,-12.65388,-76.635347,2026-09-04
608,M.MICAELAN4 VES,CD REGION 1,VILLA EL SALVADOR,-12.198531834351243,-76.95203920969982,2026-09-05
662,M. SUNSET1 PH,CD REGION 1,PUNTA HERMOSA,-12.332438,-76.828311,2026-08-27
674,M.PUCUSANA 1,CD REGION 1,PUCUSANA,-12.481586,-76.797456,2026-09-03
691,M.BELISARIO 9 SJM,CD MASS SUR - ALM,SAN JUAN DE MIRAFLORES,-12.1589,-76.97517,2026-09-05
692,M.ALELIET12 SJM,CD MASS SUR - ALM,SAN JUAN DE MIRAFLORES,-12.17107,-76.96774,2026-09-05
783,M.GUARDIAD5 SC,CD REGION 1,SANTIAGO DE SURCO,-12.1674278,-76.990912,2026-09-03
793,CANEVARO4SJM MS,CD MASS SUR - ALM,SAN JUAN DE MIRAFLORES,-12.164032315095817,-76.96903223682241,2026-09-05
813,BERNAL3 SJM MS,CD MASS SUR - ALM,SAN JUAN DE MIRAFLORES,-12.1549904,-76.9772721,2026-09-04
843,TRIU C21 SJM MS,CD REGION 1,SAN JUAN DE MIRAFLORES,-12.183939,-76.975435,2026-08-31
855,PASTORF2 VES MS,CD REGION 1,VILLA EL SALVADOR,-12.241323,-76.926528,2026-09-04
857,JCM B32 VMT,CD MASS P. HERMOSA,VILLA MARIA DEL TRIUNFO,-12.1560688504122,-76.95571923623409,2026-09-05
862,IGLESIA8 SJM MS,CD MASS SUR - ALM,SAN JUAN DE MIRAFLORES,-12.163054,-76.959996,2026-09-04
875,HerreF13 SJM MS,CD REGION 1,SAN JUAN DE MIRAFLORES,-12.165678,-76.984155,2026-08-27
888,Silencio PH MS,CD REGION 1,PUNTA HERMOSA,-12.3167,-76.832383,2026-08-27
1019,GRAU15 PA MS,CD REGION 1,PACHACAMAC,-12.219662284199002,-76.90650304636847,2026-09-03
1026,ROSALZ1 VES MS,CD REGION 1,VILLA EL SALVADOR,-12.217587,-76.926883,2026-08-27
1028,PACHACU21VMT MS,CD REGION 1,VILLA MARIA DEL TRIUNFO,-12.166733,-76.951543,2026-09-03
1029,MARIATE17VMT MS,CD MASS P. HERMOSA,VILLA MARIA DEL TRIUNFO,-12.148249,-76.950615,2026-09-04
1049,MICAELAL5VES MS,CD REGION 1,VILLA EL SALVADOR,-12.2080896196177,-76.946297413493,2026-09-03
1050,26NOV94 VMT MS,CD REGION 1,VILLA MARIA DEL TRIUNFO,-12.167143863754704,-76.92439194754277,2026-09-03
1061,MARINA28 SM MS,CD PUNTA NEGRA,SAN MIGUEL,-12.0774682071762,-77.0939432670888,2026-09-04
1063,CHAVEZ 1F VES MS,CD REGION 1,VILLA EL SALVADOR,-12.2180881,-76.9508289,2026-08-27
1068,VILLA4 VMT MS,CD REGION 1,VILLA MARIA DEL TRIUNFO,-12.1643834,-76.9478041,2026-09-05
1070,SEVILLAD7VES MS,CD REGION 1,VILLA EL SALVADOR,-12.1949519,-76.9599604,2026-08-31
1071,UNION1 VMT MS,CD REGION 1,VILLA MARIA DEL TRIUNFO,-12.2020406,-76.9256045,2026-09-03
1076,INCA 68 VMT MS,CD MASS P. HERMOSA,VILLA MARIA DEL TRIUNFO,-12.147808975988104,-76.94496994617971,2026-09-04
1087,LIMA 9 VMT MS,CD PUNTA NEGRA,VILLA MARIA DEL TRIUNFO,-12.212230616691798,-76.90641196954597,2026-09-04
1117,ALAMOS1M VES MS,CD REGION 1,VILLA EL SALVADOR,-12.215313,-76.9387472,2026-09-03
1120,OLAYA4 VMT MS,CD MASS P. HERMOSA,VILLA MARIA DEL TRIUNFO,-12.1433106,-76.9448309,2026-09-04
1126,INDEPEN20VMT MS,CD REGION 1,VILLA MARIA DEL TRIUNFO,-12.1900064,-76.9224313,2026-08-27
1149,OCTUBRE E5 CLL,SIN CD,SIN DISTRITO,-12.195994744700446,-76.98360536871303,2026-09-05
1150,TALARA12NVES MS,CD REGION 1,VILLA EL SALVADOR,-12.227226870362465,-76.93114292869853,2026-09-05
1159,OLLANTAY3VMT MS,CD MASS P. HERMOSA,VILLA MARIA DEL TRIUNFO,-12.1426011,-76.9391156,2026-09-04
1160,ALLENDE1VMT MS,CD REGION 1,VILLA MARIA DEL TRIUNFO,-12.159596254662636,-76.95585389840691,2026-08-27
1169,CASTILLA3 LU MS,CD REGION 1,LURIN,-12.2763289,-76.8691519,2026-09-03
1176,ROMERO9 SJM MS,CD MASS SUR - ALM,SAN JUAN DE MIRAFLORES,-12.160194,-76.959556,2026-09-04
1191,ANTIGUA1 LU MS,CD REGION 1,LURIN,-12.307528416094788,-76.83955419751243,2026-09-03
1203,PARAISO1UVMT MS,CD MASS P. HERMOSA,VILLA MARIA DEL TRIUNFO,-12.1472687,-76.9349224,2026-09-04
1206,ROSALES 1 SJM MS,CD REGION 1,SAN JUAN DE MIRAFLORES,-12.1908902239669,-76.9752393822445,2026-08-27
1225,JOSE7 VMT MS,CD REGION 1,VILLA MARIA DEL TRIUNFO,-12.1619604,-76.9461523,2026-08-31
1226,DEFENSOR1SJM MS,CD MASS SUR - ALM,SAN JUAN DE MIRAFLORES,-12.158523,-76.957754,2026-09-03
1241,PUCUSANAD13 MS,CD REGION 1,PUCUSANA,-12.467224802088683,-76.75387592309286,2026-09-05
1294,ANTONIO3 VMT MS,CD MASS P. HERMOSA,VILLA MARIA DEL TRIUNFO,-12.1566059,-76.95825239999999,2026-09-04
1307,CANEVAC31SJM MS,CD REGION 1,SAN JUAN DE MIRAFLORES,-12.1615684,-76.9826047,2026-08-31
1317,UMAMAC17 SJM MS,CD REGION 1,SAN JUAN DE MIRAFLORES,-12.1808385,-76.9782034,2026-08-31
1369,GARCIA 29 PH MS,CD REGION 1,PUNTA HERMOSA,-12.3337706,-76.8249395,2026-09-03
1422,TORRES 3 SJM MS,CD MASS SUR - ALM,SAN JUAN DE MIRAFLORES,-12.1503179,-76.9713463,2026-08-27
1576,JULIO 4 SJM MS,CD MASS SUR - ALM,SAN JUAN DE MIRAFLORES,-12.1394128,-76.9596623,2026-09-04
1757,MAXI5 SJM MS,CD MASS SUR - ALM,SAN JUAN DE MIRAFLORES,-12.1562743,-76.9717906,2026-09-03
1874,MAXR2 VES MS,CD REGION 1,VILLA EL SALVADOR,-12.244075860892499,-76.9194912109045,2026-09-05
1942,SANBARTOLO2 MS,CD REGION 1,SAN BARTOLO,-12.386444438691989,-76.77178577540049,2026-09-04
1953,GRAU10 PA MS,CD REGION 1,PACHACAMAC,-12.22730167904418,-76.8618370687514,2026-09-05
2003,GUILLERMO10 SJM MS,CD MASS SUR - ALM,SAN JUAN DE MIRAFLORES,-12.162152169142196,-76.96321476470244,2026-09-05
2033,VICTOR12 SJM MS,CD MASS SUR - ALM,SAN JUAN DE MIRAFLORES,-12.16992671665751,-76.96175195538162,2026-09-05
2097,QUILMANA MS,CD MASS P. HERMOSA,QUILMANÁ,-12.950369188868404,-76.3827787197273,2026-09-04
2247,PARAISO5 PA MS,CD REGION 1,PACHACAMAC,-12.230161815729927,-76.86035126488534,2026-09-05
2255,FAUCETT5 SM MS,CD PUNTA NEGRA,SAN MIGUEL,-12.063359518412602,-77.09745761162714,2026-09-04
2278,ALAMOS17 VES MS,CD REGION 1,VILLA EL SALVADOR,-12.20945061885404,-76.94248931943729,2026-09-05
2387,JOSE1 VMT MS,CD MASS P. HERMOSA,VILLA MARIA DEL TRIUNFO,-12.153522040084738,-76.95258882372924,2026-09-05
2403,MARTIN1 SV MS,CD MASS P. HERMOSA,SAN LUIS - CAÑETE,-13.05047541816462,-76.43158504699004,2026-09-04
2412,MIRAF5 VMT MS,CD REGION 1,VILLA MARIA DEL TRIUNFO,-12.158565768897052,-76.95196130000001,2026-08-27
2413,SUCRE3 IMP MS,CD MASS P. HERMOSA,IMPERIAL - CAÑETE,-13.059959737467002,-76.35250224763362,2026-09-04
2428,27DIC5 VMT MS,CD REGION 1,VILLA MARIA DEL TRIUNFO,-12.190896321335318,-76.93124731809448,2026-09-03
2499,VILLARAN3SJM MS,CD MASS SUR - ALM,SAN JUAN DE MIRAFLORES,-12.151225555043386,-76.96969527300944,2026-09-04
2511,UNION12 VMT MS,CD REGION 1,VILLA MARIA DEL TRIUNFO,-12.199575291880702,-76.92708650929524,2026-09-03
2514,INCAS11 VMT MS,CD REGION 1,VILLA MARIA DEL TRIUNFO,-12.181006986271777,-76.92585827563822,2026-09-05
2606,LIMA771 VMT MS,CD REGION 1,VILLA MARIA DEL TRIUNFO,-12.20998213723069,-76.90607164992561,2026-08-31
2620,JCTELLO5 VMT MS,CD MASS SUR - ALM,VILLA MARIA DEL TRIUNFO,-12.153580686046272,-76.95623692305098,2026-09-03
2658,VILLAH3 LU MS,CD REGION 1,LURIN,-12.235709872875072,-76.9102763311219,2026-09-03
2720,27DICI9 VMT MS,CD REGION 1,VILLA MARIA DEL TRIUNFO,-12.188730087643439,-76.92758414273749,2026-08-27
2766,GUILLE7 SJM MS,CD MASS SUR - ALM,SAN JUAN DE MIRAFLORES,-12.159973912877389,-76.96864941132931,2026-09-03
2856,PERUB20 VES MS,CD REGION 1,VILLA EL SALVADOR,-12.211592188381584,-76.95131274688673,2026-09-04
2927,ARICA LU MS,SIN CD,SIN DISTRITO,-12.300181914692377,-76.85017864064989,2026-09-05
2929,REVOLU36 VES MS,CD MASS SUR - ALM,VILLA EL SALVADOR,-12.238758650752711,-76.92141079153292,2026-09-05
